date,CDS_01_RET,CDS_02_RET,CDS_03_RET,CDS_04_RET,CDS_05_RET,CDS_06_RET,CDS_07_RET,CDS_08_RET,CDS_09_RET,CDS_10_RET,CDS_11_RET,CDS_12_RET,CDS_13_RET,CDS_14_RET,CDS_15_RET,CDS_16_RET,CDS_17_RET,CDS_18_RET,CDS_19_RET,CDS_20_RET
2001-01-31,,,,,,,,,,,,,,,,,,,,
2001-02-28,-0.0004182831324220653,-0.0014156016722179068,-0.00040695304735956017,-8.396140260441803e-05,-0.0007732496730549686,0.0005133051042042564,0.00029268624767944245,0.0008455425852405836,0.001569379838384482,0.0017270244096512875,0.0024480863213966917,0.002218962391274351,0.0023819745447099753,0.007786330661592325,0.005592182793746403,0.0036142275362316505,0.0008847843278625097,0.0006384593652291692,0.012965204000199576,0.029469308436796165
2001-03-31,-0.00010081897326434144,0.0003139014956374562,-0.0006639718090763083,-0.0007825046594067076,-0.0014328962234199365,-0.0012382491960487825,-0.00024359612430079053,0.0005450740131203427,0.0006885061669195791,-0.0007465881575009733,-0.002014145653066054,-0.0024966048672788728,-0.002475635625621623,-0.006998660679342578,-0.001925816728188172,-0.0001150874626590333,-3.2132587931855297e-05,-0.003773096010202934,-0.007070349878764627,-0.03142838513336104
2001-04-30,3.8217895166149875e-07,0.00036056190670810754,-4.61742998137066e-05,-8.790162173485133e-05,-0.0004476376319306669,-0.0011915770215516121,-0.000703104374381525,0.0009925555035592121,-0.00022996214179123932,-0.00042050809935746593,-0.00031472961860241715,-0.0013256662670079178,-0.0019247436450175748,0.003138455019331966,6.204173357353866e-05,0.0014166129171869924,0.008401289778069157,0.0071996917062886814,-0.0019575931184380594,-0.0019974927290224223
2001-05-31,-0.0005955708496486892,-0.0010280966461060962,-0.0012261764625545789,-0.0011723021907886985,-0.001119609408559947,-0.001388890338304826,-0.0012103767440385274,-0.0032300272049554236,-0.0025429176928720436,-0.0023956533441243603,-0.0030153100397756977,-0.001544441562852867,0.00025248730294574637,-0.0041620774309628576,-0.003003574578960308,-0.0012124025485568608,-0.004132811823184275,-0.002286163633050398,-0.0025284985534946586,-0.02557672539609737
2001-06-30,-0.0010351166317214848,-0.0002530081258840862,-0.0006423394649204079,-0.0003836737126390225,-0.00033890504350979285,6.147327190194767e-05,0.0013957159526911066,0.0003955330997381697,0.000842442124188755,0.0010078926581034522,0.00065693891621144,-0.0007601930308514335,-0.0017031340134779135,-0.004081596610085598,-0.0016735270321165633,-0.0035870821216355594,-0.0027967722009460574,-0.0036211847806420336,0.0014295540816547405,0.03574324491951071
2001-07-31,2.923086372609877e-05,0.0002312759890578208,0.00013531952124547808,0.0003354108824897945,0.00041543684028329513,0.0006031814970475583,-0.0005962267348610167,0.00017985951127737153,-0.001036430386536944,5.165668843528902e-05,0.0006546107042299025,0.0024181853045160484,0.00227370128156975,0.002940766437434722,0.00014305938763885733,0.002313724306014391,0.0022357796292642495,0.0005862446647444432,0.003360461435060255,0.01349957792836591
2001-08-31,-0.0006934227385612913,-0.0008802697313879028,-0.00010173898823161864,-4.109494365576173e-05,-0.0002767521068137418,-0.00021888447945524108,-0.001990097160649165,-0.0010145466295603384,9.172354122770506e-05,-1.7519161263166828e-05,-0.00026104297957544177,-0.002374526812434137,-0.0026055843286112907,-0.0006317831999203387,-0.0016539753845895549,-0.0008987282034659525,-0.0007061231800773905,-3.669142331900923e-05,-0.002551189919020406,0.0022190997817339297
2001-09-30,0.002537783991290979,0.0028502801582116206,0.004125286644616269,0.00564084886884741,0.007061745411867513,0.007269204623860838,0.008632347350388722,0.0065943375346787046,0.006517596565896855,0.007279895482884855,0.009920140708204269,0.014534995025984175,0.015075066431772342,0.015557512025761408,0.015869474899781525,0.012243164791267072,0.01999846438476259,0.023158698515125982,0.032652231616254274,0.008949838387150456
2001-10-31,-0.00035153707876985725,9.8597220852778e-05,0.00041089855446114587,0.0008897010583188052,0.0006494354723601198,0.00017537674367588962,-0.00019008571328375212,0.0017403579819381357,0.0015734487693465317,0.0013738188977727114,0.002614688142073747,0.0024503802216394783,0.004879293076926646,0.005351171721175425,0.006041092111358454,0.00815496726998882,0.005617389855577618,0.008602809531905077,0.010834041400891758,0.0055350441719632364
2001-11-30,-0.0004883870453854962,-0.0007068336172938989,-0.0009470166683402949,-0.001681321497764742,-0.0015943830190776312,-0.0007306262575136914,-0.0012701543326542088,-0.002007384826701793,-0.0015347073518193254,-0.0008966393746648722,-0.002739922939190086,-0.0033013999657903323,-0.005791519584889928,-0.007788780935125282,-0.006536194753475272,-0.006831521657355672,-0.0034520493927042268,0.00025008914066620015,-0.0042785908666533095,-0.001234790759113055
2001-12-31,-4.9681061856218506e-05,0.0002072290523734925,-0.0010847528303535288,-0.000535865430901605,-0.0001729589286031735,-0.0006467750734640059,0.0011507082093555972,0.0014289349636714954,0.001262056692371386,0.00014638724202620015,-0.00047681944963207025,-0.00024199883247283253,0.003013886126587138,0.003420879565486642,0.0035659763711523174,0.005280189189718092,0.007373338143263675,0.006272081945874103,0.0034588367245265996,0.003927754411407268
2002-01-31,-3.2100309109200544e-05,-0.00010359131681451156,0.000797027086830065,0.00026292971049501185,-0.0009061982833851232,-0.0012428759467422892,-0.0018167718954982472,-0.0008248141854638665,-0.0003521743183865976,-0.0005517448969520692,0.00011518152313550775,-0.0008421576543338244,-0.0018025359683513456,-0.002123440526188592,-0.002246058630933422,0.0005548683021626041,-0.004152755926238484,-0.0021392881993118353,0.004639219579185417,-0.00981772435589232
2002-02-28,-0.0007546907403970053,0.0014536939810227865,0.0012667514809810642,0.0004349308529545585,0.0003067683366019829,0.00040008838918864577,0.0011134902417273527,0.0009523044357785949,0.0004226497405348391,0.00023313262004879604,0.0003707482999964063,0.0012939546232269565,0.0006136553374945242,0.0029412528386905455,0.005856182444643684,0.010757423365414777,0.011992986894112698,0.01631715426010384,0.005212931902792063,0.08250921337879422
2002-03-31,-0.00042803105560775413,-0.001554378167603177,-0.0011051208145721188,-0.0010222359804166867,-0.0011265590858800692,-0.001717068421294124,-0.002504692338579677,-0.003432032778071184,-0.0029406121092925295,-0.00204503846705788,-0.0029150326399776994,-0.004821934733274547,-0.006125424220936193,-0.005218874767365861,-0.004559605901166706,-0.009931333019237472,-0.006672857782776834,-0.014666665003014397,-0.005148044400177699,0.0011987849795266673
2002-04-30,0.000253769443698888,-0.0002185126973463054,0.0003569372096164949,-1.1516410724849215e-05,0.0007289464699467283,0.0012850991658389529,6.290583868504643e-05,-0.0003455225161459355,-0.0005235621281884693,-0.0014596553086476233,-0.0015049111488919418,-0.0018503615934016657,0.00010002223258946223,0.0007336249054881773,-0.0006452284022587718,0.0010892162332406191,-0.002637751306596057,-0.00015569801636854615,-0.0008936031174971236,0.012765251360862475
2002-05-31,-5.674615600125959e-05,-0.0013841573126218644,-0.0016062549207427755,-0.001739568115406882,-0.002167920157044942,-0.0017175795838538877,-0.0012678215497060517,-0.0019779546793643014,-0.003341761065985134,-0.003906461825983283,-0.003593521709785863,-0.0033555669594822453,-0.003594914578345455,-0.0045049159803115975,-0.0038666371946587856,-0.002769672244891218,-0.0022392663521512797,0.001699432265541524,0.0007847673923534568,0.02573181949360287
2002-06-30,0.0002931104301992458,-5.0639178348884774e-05,0.0007988954797540043,0.00133168071576257,0.001089938870152349,0.0014891243898975794,0.0009277994208947282,0.0013585606905860191,0.001474133329220093,0.0020419274619272016,0.00130563875135535,0.0024939604798165644,0.0048480137565775445,0.007788068022953651,0.01033688378679176,0.012393547275728918,0.014713823640406748,0.014759753529183612,0.02825155202595458,0.01878478701425621
2002-07-31,0.0009869395779338948,0.0021069634209677775,0.0019851134522544923,0.00392407404830778,0.004920369804164905,0.003988312219031771,0.005022092060179824,0.005169566920138902,0.0055653189740353945,0.00597500183288197,0.009285229315399865,0.010635272698243495,0.011493017304411459,0.018496217460225187,0.03048156449528227,0.03165565297392622,0.043582007617258466,0.05575541065386852,0.06202195227302236,0.042888828217518014
2002-08-31,0.000512016065396366,0.0010419458198003397,0.00015617920699078215,-0.0005812848984631787,0.0007968205169658154,0.0010034943312371939,0.0007094903909059055,0.0009304195402378809,0.0023208422314950974,0.004478438559388081,0.003791864793019432,0.00409041361578157,0.006241393709250266,0.008725818832220313,0.005218367249615481,0.003759865321828513,0.002492678851048486,0.0013244230127284757,-0.005508929117896541,-0.017626635195962446
2002-09-30,0.00043654148759388484,0.0010522975115025378,0.0008111602328248521,0.0009135448695028116,0.0004138731370322204,0.0008875677467668968,0.0011547863316467544,0.0019158901019175054,0.002564894670092684,0.0031857637531712917,0.005616380186692483,0.004776932353664064,0.005544624685591079,0.0069791210370028,0.006927810242286771,0.011178860246020715,0.010354328643366759,0.00981522171359473,0.02060179607351489,-0.0019229085060705705
2002-10-31,-2.9076769097888424e-05,0.0004634060930155692,-0.00017505515212856744,-3.600287449780856e-05,-0.00041539468264908773,0.00011539937539082574,0.0009248703912379148,0.0014259136565075113,0.0024442779231279763,0.0034602706290278603,0.0007639059224591269,0.0030216842723802626,0.006278239630791397,0.009056426500686927,0.012994490880974215,0.01244335130884047,0.014964476285274118,0.01422509903829555,0.005606499596877448,0.04451210009485722
2002-11-30,-0.00017109373540240635,-0.001105429707563174,-0.0013591725723891464,-0.0023022774141198076,-0.003006461377126408,-0.003530047446389396,-0.0039617270957092365,-0.004362340776630772,-0.005552629670511383,-0.005975815223682807,-0.005423350623822536,-0.00878124171656566,-0.01175943563659421,-0.014947227244987447,-0.020085889429830053,-0.020726998256984583,-0.026931476399824354,-0.029145223305833298,-0.010266589491252646,-0.002096738691456893
2002-12-31,-0.0010520420852908657,-0.0003424906483311267,-0.00014126153823355145,-0.0001480525750656651,-0.00020771028515773093,-0.0001323510964949177,-0.0011784555995713265,-0.0008108680281339017,-0.000770188520580136,-0.0027732925723117367,-0.0032929259181598857,-0.0015191837934581585,-0.006355843055433647,-0.0056643838154469515,-0.001305530121461742,-0.00035351664609725405,0.0004603870004121764,-0.004804598588052293,0.004703494495291415,-0.0006589814950510148
2003-01-31,-6.851370709669333e-05,-0.000977648801892053,-0.0006179429283526797,-0.0013247012618406574,-0.001001691508418413,-0.001932788787822742,-0.0012877199459413893,-0.0016915327654893793,-0.001781706302068093,-0.0018669111690889331,-0.002862100565003959,-0.0038815986453045533,-0.002157460872452345,-0.005306117672864198,-0.009072890192697325,-0.011410890753152476,-0.010982611406482046,-0.003422613015608604,-0.01649840887042361,-0.008645046737819705
2003-02-28,-0.0011395060957322476,-0.0005096498991436409,-0.000615302567735734,-0.0004418703903993916,-0.0009681805622846448,-0.00031297996066895656,-0.00047117857580889215,-0.0002717626509655903,-1.987125126773531e-05,-0.0008153754559118577,-0.0008534073111882899,0.00018524937661062587,-7.931877014981575e-06,-0.003906605178770446,-0.0005757714055627372,0.0018249551035441484,0.004205873432052612,0.0032425597591369698,-0.005992977961598259,-0.0027051498729043517
2003-03-31,-0.0001690631136257437,-0.00014997825238672403,-0.0006353771520521348,-0.0011292536198129145,-0.00042944633600139944,-0.0011762705307190278,-0.00079445295822824,-0.0013914761783199031,-0.0018045665830478713,-0.002250208944399842,-0.0015769045203453333,-0.0012040270438128386,-0.0004868311525576722,-0.0033877935198079246,-0.007414207085350856,-0.007490244752444538,-0.006010940067156812,-0.009354797372671614,-0.003201509242584788,-0.007540124735384826
2003-04-30,-0.0011498068597295542,-0.003495455154963192,-0.003722420681953787,-0.0038267586344976367,-0.005191358676239329,-0.005020710421454918,-0.0057015129168014956,-0.006509382653263055,-0.007280162778481495,-0.006403268184700824,-0.007017390723062483,-0.00953646740341908,-0.012978782460275463,-0.014221853176474468,-0.01965444988777912,-0.01812884156062405,-0.02035333046213048,-0.02519186406179335,-0.02890028063451954,-0.017193452391223378
2003-05-31,0.00018972818666424462,0.0008323870224967395,0.0009167167654255751,0.00047127097693613727,0.0005418464146571929,0.00016202584585456594,0.00037199392571151654,0.0003647740985099027,-0.0001936337035127787,-0.001257331216806887,-0.0014467027173033415,-0.0003922795782168484,0.001232421608660935,0.0009078493230531664,0.005314130486072588,0.005597504944272407,0.004769242714880946,0.007471535915975027,0.005039335322295923,-0.003352314961697571
2003-06-30,-0.0007349537757177897,-0.0008582111611056722,-0.001382238399293368,-0.0010364784689601502,-0.0014457870964200662,-0.0014236236475642866,-0.0015544134378996037,-0.00179322428554129,-0.0023132476297518384,-0.0019611884439864505,-0.002386797785291726,-0.0025678171405059944,-0.003516487665372364,-0.0044660288123585055,-0.00576521921746703,-0.0031306785698429164,-0.003056525247571471,-0.0037014303676153808,-0.009721313643032277,-0.011487126170363108
2003-07-31,-0.00017792544844700187,-0.0006637188213504851,-0.0004294056028524651,-0.0009432048639030182,-0.0008786856622029228,-0.0009691947658333096,-0.0018958067156051022,-0.0024889947589642318,-0.0020477783539174553,-0.0021319823542918586,-0.0017823145590825159,-0.002124909954513443,-0.0022526809082421386,-0.0014920184997582462,0.0020402263708221118,0.003078765739204104,-7.696561245334319e-05,0.0025207621124525054,-0.005198200276757868,-0.008006571429363236
2003-08-31,-0.0004095552591200244,-0.000358395506086324,-0.00046174329489093966,-8.66889550091327e-05,-1.9729577637791647e-05,-0.00035599917733412424,-0.0002718668964150357,-0.00013524037216302188,8.615000245550452e-05,0.000391821216911111,0.00013440198091765724,0.0002138412647582883,-0.0009519384511009332,-5.1549959375242644e-05,0.001731856699477072,0.0001643685276004896,-0.00020944122293282746,-0.001404788380428599,-0.0016515263248438217,0.0016112992139822105
2003-09-30,-0.0001365445180939841,1.8166565575195386e-05,-7.103361838949889e-05,-7.863350613555358e-05,-0.0006498428284625939,-0.0010082655284550715,-0.000786918736431754,-0.0005797777322883869,-0.0011211932867078317,-0.0012159596128814873,-0.0011293518641028535,-0.0019138777762239202,-0.002707856670373404,0.000784646968398664,0.001895309638402961,-0.0014857319981232099,-0.0010717756807050694,-0.0035761870110237745,-0.00707969478512744,-0.0016826363351585823
2003-10-31,-0.000354956339762027,-0.0010637859147444146,-0.0014884500069838435,-0.002115745623637109,-0.002023898275643634,-0.001821045836408225,-0.0024587655755738064,-0.002434667743868334,-0.003261852967181877,-0.004133846238507263,-0.004301750882472191,-0.004848675497289976,-0.004501454371050395,-0.008534274505918753,-0.014026659749405665,-0.013428079797680941,-0.014359241810640152,-0.01214643382691706,-0.009773400515363328,-0.008690300409006323
2003-11-30,-0.00030399366002276584,-5.7530131473597945e-05,-0.0002971264877060804,-0.0004533008989628816,-0.0005889650702559491,-0.0006014764006335141,-0.0003843081855150432,-0.0009616980310286732,-0.0007086401496082011,-0.0010429247259983053,-0.0020922931541285704,-0.002374291835091018,-0.002000758813170111,-0.0022233239757336967,-0.0031081066527053054,-0.0042326577539633205,-0.003275819921579278,-0.008511791130219628,-0.008551197924079488,-0.002893585077510551
2003-12-31,-0.00019674824181980437,-0.0009138490276311504,-0.0009236458126411451,-0.000702305936672075,-0.0008151579065329582,-0.0006161814682022637,-0.0006940506570565065,-0.0007070348124329793,-0.0008603690924129081,-0.001302909184595584,-0.0010506523902282458,-0.0009450241951773589,-0.0007889077219803007,-0.0017257184943996863,-0.004958818482514223,-0.008923104914537027,-0.0074831159836702054,-0.006629566900172152,-0.005575345700031798,-0.003245498474913339
2004-01-31,0.0004666976496455382,0.0008939970078040889,0.000977738055229549,0.0007860573714929309,0.0013678100859295754,0.00146387193032412,0.001480344720155097,0.0021464475008105125,0.002230993417390165,0.002670162070896404,0.002750968190406969,0.0024223346913299585,0.0009195243676550934,0.0004604272729857043,0.0004158724337110312,-0.0009287560342434688,-0.0053420989493044736,-0.005856828378154433,-0.0077540060452021145,-0.005785527775395782
2004-02-29,8.225623609878968e-05,0.0003251434591265808,0.0005778315112958497,0.0008286842313660131,0.0009305141647933608,0.0012618692755698281,0.0013991189790488225,0.001211590526727329,0.0009701775279780693,0.0005212008536969558,0.0012752863877486076,0.0014511465089342916,0.0012007163954011449,0.0006611624081517131,0.003838234205530666,0.005458571593064796,0.007872491314793242,0.005539884274459315,0.005102386627071252,0.001143705748055837
2004-03-31,0.0003840498377927122,0.0006765888483981886,0.0006430912478611866,0.0008017864169892031,0.0009695803133549813,0.0006857717772654386,0.0011809957679752613,0.0010190209556385874,0.0012469454382744482,0.0013002810111857911,0.0010208476380057646,0.0011419242916104898,0.002068664233346247,0.00159994431853342,0.0038736281256734153,0.005471619422502305,0.007707239077057357,0.006724660704221045,0.002720502314776711,-0.00672600061079206
2004-04-30,4.150183168028252e-05,-1.366995684516185e-05,-0.00012695607379768705,-0.0003621138543930573,-0.0002992077308877434,-0.0005176566389171848,-0.0007645069850183626,-0.0006665906547866306,-0.000402865714283251,-0.00026518089017106013,-0.0008187887478772254,-0.0012800935223453973,-0.001591959788876861,-0.0019691648762118845,-0.0036828547723659734,-0.007660417368472017,-0.007765800246355648,-0.004129720401726267,-0.0063895940740695744,0.0003761753803984651
2004-05-31,1.3172485273936542e-05,0.00010028993360234546,-9.718378901550745e-06,0.0003312605975828788,0.00031158852465135926,0.0005493480212091028,0.0004774909420741151,0.00021630939823708679,0.0005374276112726602,0.0006529429255932713,0.000596829896337403,0.001090125975502741,0.0009599030066365625,0.0025727346536230534,0.005798343279483521,0.012040677799475477,0.009821345722181015,0.008204214210372481,0.00998777120657673,0.010317057408405307
2004-06-30,-2.0946743780225675e-05,-0.00020866816337377158,0.00014652986049008853,0.00024927033213834136,-5.15469969431326e-06,0.00027745037335689395,-0.00011207747278881703,-0.00022662389972700667,0.00011763356887661666,0.0001106412120405426,0.000432268254625689,0.0004712309701523909,0.0009179950616968199,0.0006756020769074924,-0.0017217482788215914,-0.00453280435932393,-0.0026207905345864125,-0.002970615313797996,-0.003554465461415374,-0.007239307134959542
2004-07-31,-0.00029054982898389745,-0.00026425434152985616,-0.00024712607970276725,-0.0005166742754589312,-0.0003550737845772338,-0.0003482873496261164,-0.0003447465055772897,-0.00024495795789484414,-0.0008495315855513208,-0.0006720354037554988,-0.0012841996186946875,-0.001284046072701058,-0.0021470783440223503,-0.00022438214043612965,-0.0021936560981687726,-0.0010954601785218168,-0.0028812332809631737,-0.0014588640575112308,-0.0009959117338887494,0.007691532663289488
2004-08-31,-0.0002054901306896478,-8.49543694621134e-06,-0.0001263494595231443,-4.409322404877737e-05,-0.00018877542025520433,-0.0002692084762128987,0.0001202849735908841,9.674850784553796e-05,0.0001548406115896171,-0.00011933682595757287,-3.271619396138046e-05,-0.0001652498548515646,0.0006578924717730503,0.002121554028611526,0.001995693530337445,0.00022009658139008107,-0.0006421805178082523,5.003751151723328e-05,-0.0005574307778817962,0.00653404996622635
2004-09-30,-0.00022998087746448317,-0.0005113481731795553,-0.0004800858225861065,-0.0006322186313552545,-0.0006673590491665687,-0.000980115657077662,-0.0010043140420624322,-0.0011299629531589485,-0.0014488674767598006,-0.0013181348077583436,-0.0019409045337133782,-0.002199617075618464,-0.0024643277637203653,-0.0027467019969132592,-0.003301875577479259,-0.0031235801173332346,-0.002603513273821028,-0.0025770873587889565,-0.0026636339317809795,0.005280569285551138
2004-10-31,3.480751768763364e-05,-0.00019974445258620808,-0.000142538264990709,-6.266267180019012e-05,-0.0003836606549882832,-0.0004895000116279872,-0.000645483432282619,-0.0003455213954870974,-0.0004728101780749298,-0.0006778126779303069,-0.0008297321605916459,-0.0005166463537880252,0.00035929789363040406,0.000535376239763921,-0.0005585903316718314,-0.0032090726781990467,-0.00526873518903757,-0.008638873519521431,-0.006454289338722528,-0.007507836841542767
2004-11-30,-0.00043466847342377244,-0.0007522430722001587,-0.0010832211384472152,-0.0011765041394359722,-0.0014719256351858774,-0.0017926627656643336,-0.0018764345944973062,-0.0022457152575603417,-0.002528332874076798,-0.0031810543035012944,-0.002449740762670084,-0.0016182242089419871,-0.0016763058156724993,-0.004036702126241522,-0.004782896042385015,-0.0062123127380429195,-0.0074542474056842455,-0.00817195475409828,-0.007066259358410914,-0.01071005277621305
2004-12-31,-0.00013179784368309155,-0.00046002232493688635,-0.0006677975962994375,-0.0006789027119949996,-0.0005707770717229917,-0.00047768490058089033,-0.0005045557138629732,-0.0007971009794179596,-0.000716971766737007,-0.0004968082691344704,-0.000276648597446708,0.00015709369366967863,-0.0005155060325890766,-0.0002877948025497007,-0.0006499165566547292,0.0009254649276173478,-0.00124772538532933,-0.003222567010260848,-0.004672751858084738,-0.0030767416149546324
2005-01-31,0.00013452322047299083,0.0003007304444009485,0.0006213581264037889,0.0007012623751420851,0.0004389765886772641,0.0005549095606112368,0.0004059040446738582,0.0005635006259182452,0.0003283997826193636,0.0008114803226060983,0.000895870060719506,0.00029280281752858437,0.001127314997345492,0.00030864520659796044,0.002938574162477601,0.0038214088787254146,0.002976613339662996,0.0032924414007909327,0.0036820781465106214,0.009078731625472071
2005-02-28,-0.0003132845670512757,-0.0004267226836671465,-0.0005388285887148955,-0.0007647646160929464,-0.0006668453473839891,-0.0009314428387977293,-0.0009711635078525346,-0.0011157326635986488,-0.0013169905611837014,-0.001338513321248013,-0.0016470883537888057,-0.0027019081258013115,-0.00423703088103753,-0.004017097015030323,-0.006537760283070248,-0.006436212200165313,-0.005068673190911269,-0.004433232969797254,-0.0027548239547252515,0.003953382170329852
2005-03-31,0.0003037423365872571,0.000463890190947461,0.00041896670412688603,0.0003710827228885903,0.0006409392988415995,0.0009969117231172467,0.0009370024412567433,0.00098042263766117,0.0017312258333753963,0.002009103341045122,0.0024082194183016967,0.002947769594419718,0.004190095751370705,0.005499055397774453,0.006459482097423742,0.008807020771403998,0.010404975343616507,0.011830377129282529,0.009702696683004917,0.008164849538959714
2005-04-30,0.00015304311989268116,0.00044614134982260475,0.0004904228348342292,0.0007842061901593472,0.0009443256190151998,0.0010976978793184667,0.0013448643779107893,0.0019525737073784787,0.0021273263748439334,0.0022932630179092915,0.002234434870561945,0.0028667758543766087,0.002876230440035645,0.005263076360172195,0.009477227888538824,0.009399337522178286,0.011143785894056102,0.017961033478851335,0.017141345968449434,0.013800105394929794
2005-05-31,0.00049336909949743,0.0007929669358531353,0.001357625090247841,0.0015484974834648155,0.0013775824637317193,0.0013960700144727894,0.0015846992167355058,0.0017501458205174394,0.001896667541863438,0.0014215496243637784,0.0013340270474145447,0.000807003431418102,0.0019371363209628907,0.0012052435731463227,9.352327204419748e-05,0.004942352184439738,0.0037417224969564793,0.004537277057084634,0.0028060763719903467,0.0008124384608703342
2005-06-30,-2.5583036155609833e-05,4.054914866577185e-05,-6.168791636417795e-05,0.00011998942593783443,0.00022690502018617834,6.992032195814245e-05,-0.00017833894504248887,-0.0005644933607285643,-0.0005650955505426985,-0.00038738939225738177,9.253614956967643e-06,-0.0002405075182942387,-0.0004517996278816589,-0.0002405617916332771,-0.0011142036858973873,-0.0032988676727229663,-0.00012258863659216985,-0.004737294640785802,-0.005019556762491945,-0.0031033384724205417
2005-07-31,-0.0003640463616095894,-0.000601478696176155,-0.0006997650508152941,-0.0009681448374134462,-0.0010057165854616675,-0.0009888859125594864,-0.0008420731974903519,-0.0010497224391165462,-0.0014081556265123569,-0.0015080687954223725,-0.002096984427395537,-0.00126465935130872,-0.0017562895811026964,-0.003841410585181942,-0.005005426058553158,-0.007565217777257801,-0.008345799512438103,-0.011299878874168997,-0.007164739506316664,-0.00256252422168155
2005-08-31,0.0001264743062691858,0.00027282553619413703,-2.73703915640087e-05,-3.6210257916582115e-05,2.1544805988423994e-05,0.0002595398550679346,0.0001620305014479779,5.913569489176465e-05,0.00012286160104681455,0.00020785619733598655,0.0006915626841584952,0.0007893998190738659,0.0019643690389378582,0.0018253075213327233,0.003116294428265367,0.0054789317094890546,0.0040433238601756735,0.004644352082747464,0.0029943846949444727,-0.0034346185770556745
2005-09-30,-0.0002040053843311443,-0.00029474034019360494,-0.00018008868478016775,-0.00017676825338003483,-0.00020423457783098388,-0.00016467258085317912,0.00013965276201509944,0.0002768615349703606,0.0003844010912107418,0.0003655094883705048,0.00026024863837882537,0.0007766977870238772,0.0008411172051235247,0.001944573226997469,0.002580645834458916,0.002240817077358363,0.0019415340349997758,0.0046687483171695575,0.005856673909140532,0.01305845363506841
2005-10-31,-3.826194720135279e-05,-7.537346466814895e-06,-2.26787067525674e-05,0.00011002210178559944,0.0003226102088740942,0.0005739155752207413,0.0006181735973310168,0.0006263949445951873,0.0008744859161708784,0.0012928449396235014,0.001749262920161063,0.0017991659635785615,0.0024057299895021158,0.0033998124819454006,0.002313949254171564,0.0025845525633491264,0.002668977920205691,0.0016279675695689219,0.0056302457866253776,0.0061989586376993595
2005-11-30,-0.0002574327396408955,-0.00015289718457783965,-0.0001347639014393987,-0.00031952753535826586,-0.00031297344972245527,-0.00029446910963557986,-0.000151231264691708,-0.00011713312264195421,-0.00013641044683408818,-0.00016600661097869804,-0.00016915296891863111,-0.00041508806452062233,-0.000611170142926216,-0.0023174517024163455,-0.0017806309117609422,-0.0023394301990625455,-0.002258583973211936,-0.0007300980117005783,0.0013561355834700041,0.009288518045180341
2005-12-31,-0.00015384320907237562,-0.00021285376531525522,-0.00027614185714560697,-0.00018677334487741894,-0.00028960306251067484,-0.0003378559619549187,-0.0005280252319952738,-0.0003927231425255312,-0.0002827256954611829,-0.0005246545013784991,7.016500010654966e-06,7.893482399125816e-05,-0.00015846908895276733,-0.0012490167232509135,-0.000406903487465024,-0.0010483156353902027,-0.0011351726014724149,-0.0013528424392333757,-0.0014989327115239026,-0.010165957261021725
2006-01-31,1.4592496383574098e-05,-0.00022638586335040932,-0.00018570060592598163,-0.00024976928009877485,-0.0002296393637685847,-0.0002893392058669949,-0.00015150461518976822,-0.00010723269492717962,-0.00016729098337106706,-0.00014016373224349965,-0.0007351407901108928,-0.0005453601135621849,-0.0010783793145823525,-0.0014282937458613288,-0.001135262133769075,-0.0017211715354580345,-0.0031867694664825088,-0.0027109056884986682,-0.005588118717407764,-0.002799825056805779
2006-02-28,-0.00020731785582339435,-0.0003728424130696629,-0.0005332480588106952,-0.0006122648185822636,-0.0008539725662021227,-0.0007849780109519215,-0.0009312927848266468,-0.0007016442448860284,-0.0008147390079760887,-0.0011554534958371757,-0.001541621090592852,-0.0017769383662127206,-0.0019524098466786187,-0.0011466420362218413,-0.002828782522056788,-0.0026234783274217263,-0.002821569756009007,-0.001990663515430009,2.778956302092284e-05,-0.0005499185925690564
2006-03-31,-0.0002540197715637859,-0.00024240105774601495,-0.00011946391695155614,-0.0004797108653548092,-0.0002254255203088593,-0.0006129315468060338,-0.00046980743068599596,-0.0007639076463357352,-0.0008873513654792542,-0.0001657179995749668,-0.0007355086701995306,-0.00055844489478627,-0.0006185207321437673,-0.001312121503546414,-0.002212943075391843,-0.0042635668281355114,-0.0035425564168088904,-0.0033100811828993197,-0.006280082684416959,-0.0032658657186379753
2006-04-30,-0.00027725420438490863,-0.00034121126357738714,-0.0005489599356037914,-0.0005796608241388618,-0.0006744182503801522,-0.0006746830672650593,-0.000894617065422275,-0.0010268929420164021,-0.0011614564632866076,-0.0016474788469749517,-0.0012496967093892676,-0.0023825257214481897,-0.0019599203247197346,-0.0011950192625295073,-0.002527425249339977,-0.003085132629783218,-0.0032013956967656488,-0.0027768687108580023,-0.0038549240597199478,-0.002629217303429106
2006-05-31,9.52127090725732e-05,0.0002919903170797034,0.0003759135202046886,0.00046234527516985,0.0005547853959719745,0.00044591568902190275,0.0004550997243979055,0.0005128045896862838,0.00035728838267673154,0.00035712481032838675,0.0007736004414028606,0.002094526804492767,0.0014490288726471247,0.001879969263064158,0.003435544960561416,0.0023547095549385725,0.00036146730972940865,0.0010365456929150051,0.000904653709555115,-0.0007118362892418315
2006-06-30,-6.392942311574278e-05,-7.624760745921565e-05,0.00019381005651448598,0.0004953040415146104,0.0005864215372801263,0.0008118952571959294,0.0008107396216619335,0.0009207973436679668,0.0012072957807285252,0.00122088239791162,0.0009516339400158262,0.0006442313532173565,0.0021325017111678054,0.002281884290629492,0.002571163942655955,0.004346572819273914,0.004982275501924648,0.0021965136203260308,0.003344274085211689,0.010683256015245132
2006-07-31,-0.00011993403347156179,-9.451833124839788e-05,-0.000177647301040454,-2.848576647945673e-05,-6.196224259800982e-05,-0.00012567845515785406,-3.4611547432183607e-07,-6.122606082119731e-05,-0.00017262169677968503,4.317487774370897e-06,0.00033564085063040043,0.0005831158517719264,0.0005288567193438753,0.0018069139195185848,0.0002140321330177963,0.0008363943461079545,0.002331288453459232,0.0038986547403230894,0.00378580206318893,-0.0027317160479814074
2006-08-31,-0.00023712945672086077,-0.00035256840204902313,-0.00012922477211656445,-0.00028053007544379485,-0.00030027270755943913,-0.00024073556889692634,-0.00011278133949743638,-0.00018935252341319825,-0.00011731182233352543,3.006537524176177e-05,-9.305067064160343e-06,-0.00013911579715644983,8.934162129193042e-05,-5.325976316058504e-05,0.00181328117702359,0.0012836436312636736,0.001695233602131526,-4.158746864903049e-05,-0.0010626991515337646,0.015008236297833146
2006-09-30,-9.513588622546833e-05,-0.00015753645511824713,-0.0003837118286932226,-0.00024163139122845013,-0.00041790309525674787,-0.0001697603937340144,-0.00015621813095553454,3.499682266056055e-05,-2.3827239176132446e-07,0.00027684439137073584,0.00039334637157338814,5.074360897727659e-05,0.0006018411047400155,0.00181211698719059,0.0006590884873164613,0.000495873043970411,-0.00027915983291301846,-0.0002448347129779337,-0.0003069005352483875,-0.014398247011783062
2006-10-31,-0.0003932650985903139,-0.0007736206406978257,-0.0009254971378798951,-0.0011035817265524035,-0.0010750532879529276,-0.0010899116824948114,-0.000938772726552383,-0.0007333674036929916,-0.0007917216683169799,-0.0010306835221384598,-0.0011167442444604673,-0.0006846529088581863,-0.0004975018383267814,-0.0023439831174087563,-0.0005602707587113377,-0.001512027749480454,-0.0024522378586828405,-0.002554048931286853,-0.003918910548229695,0.021694121454626805
2006-11-30,-0.00018107578396914,-0.0002921788077027246,-0.00041874457420348644,-0.0002836141749613934,-0.0003428274343108384,-0.0005473893349065825,-0.000278690731597252,-0.0003464612162493221,-0.00034629604068208986,-0.00032822103532070726,-0.00031859231091551607,-0.00020263224053337496,-0.0004282991214140292,4.019160502382719e-05,-0.0004971139097554049,-0.0010252799151010772,-0.0016887157621349495,-0.0018075261589222623,-0.002397117392960457,-0.00039501625002073273
2006-12-31,5.0851450089914176e-05,0.00012336061487149455,0.00027976096722515635,0.00011090039980688608,0.00017302487923710034,0.00019579693649669023,-2.37162370603424e-05,5.315758607434743e-05,7.598311539137558e-05,8.633612730955093e-05,0.000397192876988416,0.0005422332442156522,-0.0003478288554121634,-0.0002726204741702252,-0.0013059932531267198,-0.0007537924078465764,-0.0012418140815929405,0.0005205195612038146,0.0015213992290678314,0.008468207227972695
2007-01-31,-0.00022017579189890745,-0.0004970607358107418,-0.0005719337787959314,-0.00039038377977076825,-0.000341953689952955,-0.00039866344137018877,-0.0003592161964014758,-0.00021357167519151546,-0.0002634073283611475,-0.00014577926707244203,-0.00012565238102565522,-2.155069887519223e-05,-0.00019736237075319892,-0.0015981983514461006,-0.0008900626690488461,-0.003514187574153394,-0.004765226013757653,-0.006540469430821967,-0.00413245804514715,0.005594381328797513
2007-02-28,2.7999300453433157e-05,5.8840260946872237e-05,-6.235311044124555e-05,-0.00019531409726200195,0.0001429286508886529,0.00026103257931573505,8.993561842971174e-05,-7.662595365172532e-06,0.00013264362075843898,0.00027192354598730233,7.936422474439387e-05,0.00030891514708853134,6.618812288174702e-05,0.00013677368952303467,0.0008392948590945461,0.0012176137727415613,0.001090589660737384,0.002868133791070159,0.0028898468286497714,-0.015850223258371696
2007-03-31,0.0004352234569148221,0.0006757751397111772,0.0006110175292902304,0.0010579460602107402,0.0009260808975474851,0.0011628924599405262,0.0010822060669475086,0.0010675369917554156,0.0010952246589827112,0.0017079043725404062,0.00216512674268288,0.0024464330661104505,0.003904694034218126,0.004941570725763195,0.004647940509848063,0.005157173287811352,0.008686285243175794,0.008306778649548827,0.005680656295313468,-0.01330257121404309
2007-04-30,-8.342475215592196e-05,-0.00017433000937817496,1.987855783506265e-05,-4.728994051624561e-05,1.4570287063876685e-05,-2.294503639437402e-05,1.9350929919471907e-05,-0.0002325292357458273,9.170783800655104e-05,-4.350608097034107e-05,0.0006461358208294651,0.00023347339514224986,-1.257039168481121e-05,-0.0012784568977484271,-0.003246397915498677,-0.004073660182680783,-0.0034626385475825723,-0.005061978846348097,-0.004631244862653737,-0.029007017879589942
2007-05-31,-5.907464091462052e-06,-0.0001399606793034474,4.8955570551891585e-06,3.2991780453779074e-05,-8.496223804030561e-05,-0.00023265662898459835,-0.0002930068724865046,-8.314762369186646e-05,-0.00018079736078516583,-0.0007130426450457877,-0.00137938397911064,-0.001084372630561416,-0.002005497513910071,-0.0009434741374945704,-0.0001458919363999831,0.001128808883124667,8.907208888485476e-07,0.00020002802634239635,-0.0006444096867073094,0.0003040852153618246
2007-06-30,0.0006886045300454767,0.0009879375660361953,0.0010120366007027937,0.0008963866902894746,0.0007119126247581691,0.0006739562448356682,0.0009184706324480575,0.0008923526985844772,0.0007576200793846299,0.0009064709957560604,0.0018736853475421354,0.0017749244562776467,0.002967958971692924,0.005147040614585495,0.0073325315182016714,0.00780800933715046,0.008739459998197368,0.008173849328457718,0.005943856032975347,-0.0007076137911950116
2007-07-31,0.0010187260465526085,0.0023674659756247034,0.0031234490063799946,0.0034247216448134586,0.003844951258181805,0.003910062846103731,0.0034176855756154036,0.004312802254686175,0.005239099634791803,0.0056997656752234924,0.005785496046635176,0.007268715199762022,0.009810262971258856,0.01452644236020874,0.016210507295970213,0.019858653402341088,0.024674940948184603,0.02757353363150585,0.03286071051695656,0.009812541661160499
2007-08-31,0.00034618978270383333,0.0005376109564939933,0.00017389004872428243,0.0001844618731698521,0.0002938170562372472,0.000317127619582754,0.00029624338699339297,-0.00030096709579871637,-0.0005580045642813,-0.0001635662683140355,-0.00019248210927978897,0.0002964590906164841,0.0029681219384532446,0.0006055435315006095,-0.0008492213760995506,-0.002594430903605979,-0.006489945309718661,-0.007485831965039794,-0.007781317687635257,0.0012442437698442009
2007-09-30,0.00010412598758732393,-0.00017646553859386845,-0.0005681002642476247,-0.0009153700322243227,-0.0008432009838065193,-0.0009819290035345378,-0.0010942077121330062,-0.0012139159965145216,-0.0011900521500842033,-0.0005183696729664064,-0.0006611189143124926,-0.0003512016660237735,-0.002353449159976924,-0.0021449157119311354,-0.0036413593636950804,-0.00461376504075595,-0.004396353957595397,-0.005052846487894837,-0.005007955417128908,-0.0018605086367005095
2007-10-31,1.6576942432019697e-05,1.61003629596142e-05,5.209167618408309e-05,0.00016655262777200906,7.549921501943387e-05,0.00014936981428767947,0.0004503905049975341,0.000692566448360516,0.0005691688735681452,0.0006722585524278505,0.001401997623140026,0.002156574146156698,0.0025519348676649543,0.0045604349157697295,0.004851772344137044,0.004186564384984547,0.005548799830965027,0.0059566021721820595,0.005937145266076623,0.006096029120075049
2007-11-30,0.0006316729341885441,0.0010878723608641295,0.0013899635482926363,0.0018954814734496066,0.001868207896069887,0.0023187415723506274,0.0033888723256563116,0.004077090165738238,0.00481089190958388,0.004495490489228667,0.005647051452906116,0.008054166377414337,0.009474473564704279,0.006145354888836686,0.0061669187095458764,0.010718610607364294,0.013399530985138823,0.013866041838158967,0.014337475831308141,0.010554801808078803
2007-12-31,0.0004195040019874076,0.0004840113969904218,0.0008940399562458134,0.0008194493505445452,0.0011377481852423463,0.0010558183863546503,0.0010198525160802707,0.0011553443339532982,0.001793103604601621,0.001670263782395683,0.0015571390579583783,0.0015991426315780074,0.0037990045104526983,0.0032770523747030333,0.003386581428833542,0.003297936111502296,0.00237110711844374,0.001379132075775777,0.004424487543036616,0.004822705212743526
2008-01-31,0.00045286505153167074,0.0016165941823352136,0.002451536556312324,0.0031668883520102387,0.0037669521632063903,0.004671433276942641,0.0055967608298756475,0.00662601085183002,0.00689958586181975,0.008361822430782963,0.00988594710508247,0.012624876941692918,0.011985878651288294,0.015703835101138833,0.017702675245862828,0.015962725809047482,0.015145669213312988,0.015774593671717997,0.02159035673682707,0.015957640823419404
2008-02-29,0.0006473929495620902,0.0014346716941529042,0.002552835014562816,0.003838029254194907,0.005316010054262877,0.0064562829403416785,0.007164758745838464,0.008948427951265414,0.010203957665515491,0.01153995287044907,0.014887268924476534,0.01362710638389225,0.011095936683429996,0.010073701315838977,0.01176767069833053,0.01247767451780362,0.012506413818685502,0.01902877820309394,0.018432552061839344,0.013431268527892797
2008-03-31,0.0005032380287594524,0.0006983023314603217,0.0010741802745239805,0.0009994360520813872,0.0006256373792848544,0.0002533596642180192,0.00043901050579182724,2.677469708311442e-05,0.001119093915544675,0.001731876177227814,0.0013853712145119068,0.002023650774867686,0.0021828384851864543,0.0026790320513429434,0.0016136785894879026,0.002680226152678301,0.0028416606957204797,0.0012958026670975384,0.003733684493476859,0.005662904844271138
2008-04-30,-0.000597526713067996,-0.0017844808972158012,-0.003426727641637571,-0.004652255876832588,-0.004812140705085446,-0.005255662709430699,-0.0059156270224327845,-0.007019173129573471,-0.008735663432778484,-0.010673608668627398,-0.014152976755620087,-0.01367966215896139,-0.009383922251085336,-0.01025283815098299,-0.011626157503301997,-0.013814449581979794,-0.012741356362021674,-0.013111926102188283,-0.01034338076238647,0.004446270132255824
2008-05-31,0.00021445126627717414,0.0009389741769993771,0.0013028989779472215,0.0010161396392178973,0.0003716431742770449,0.0003610773453101707,0.0005938194073660726,0.00046767551520177894,0.000627680060696908,5.386549340580201e-05,0.000757345271750317,0.0005837314450629935,-0.0016836673308329162,-0.0005738764581632131,-0.0007152938282241463,-2.0688507639794366e-05,-0.0009630867211379057,-0.00023349388660333416,0.0005844415850079874,0.0025819941480910544
2008-06-30,0.00028902850676084275,0.0006500539903102274,0.0013382387145425758,0.002143302769857322,0.002364204210029585,0.0033479852278261646,0.003093102299405467,0.0037183020082228635,0.0043022024581411645,0.005683107009460569,0.006802821764300172,0.006342983820088746,0.005134356574563127,0.004560889001036892,0.005408393590280022,0.006034568730288886,0.008028032348218602,0.010290041669577796,0.014619565298083925,0.020958288689100334
2008-07-31,0.00039607867596353147,0.00016819977821783133,-0.0001386457976419345,-0.000724826284829398,-0.0006785704044522363,-0.0010051206079385352,-0.0008025001845022787,-0.0006591970769018401,-0.00012498777503387281,0.00088182493243854,0.0010349037125220065,0.002225333217478256,0.0038005719674599667,0.003813038728304941,0.004865252460174319,0.00365118072421142,0.0031206494829778293,0.004492389158542264,0.009570842385715045,-0.0018188272097887344
2008-08-31,6.336859055744575e-05,0.0004876274897201088,0.0007718943166660157,0.0011005822309215903,0.001280664616107797,0.0016076948918536252,0.0014107068250016285,0.002014334024452906,0.0026468806242932233,0.003458638660725408,0.004948440000967115,0.0035593608887183755,0.0035545484946339183,0.0048274797123892405,0.003998628468033238,0.00365277498917212,0.0031955973096147836,0.003709019596498634,0.005476502861881694,0.010888776928020401
2008-09-30,0.0007936811803080084,0.000818110388530632,0.001011329121938359,0.001652759644662723,0.0017371672731764176,0.0021970686117378977,0.0032647251418731027,0.003577567749659197,0.003827987273947873,0.006492691564259157,0.00574506661695245,0.006997443504359556,0.008172763445475616,0.00923813550472123,0.009856261074669059,0.009461468874308624,0.01027495825156237,0.015063334626809399,0.02320582439306702,0.04104138829713504
2008-10-31,0.00039672763191686826,0.002028092013204855,0.0034787994175338064,0.006272553026924191,0.007992857926188472,0.008328244298585238,0.009047053910308725,0.010342380369549358,0.013999405456331434,0.01436439072611764,0.019701940721854726,0.02239026049810255,0.020766857052968844,0.020892985509823866,0.025033800817472373,0.03108366404243382,0.0373796412396298,0.043145550671013944,0.051018007830896446,0.030191528013529652
2008-11-30,-0.0001034260768923119,0.00027918357691631405,0.0018015567988819016,0.0032933004306020964,0.004222934363924,0.005294998876650138,0.005591113610016449,0.006711961798265223,0.007007832292453504,0.00781688147013153,0.007604630606806074,0.008457560452059807,0.009552208059784106,0.007763038197376188,0.013094789320484254,0.01968802836003314,0.024522086182686413,0.02560196096644222,0.0424661329582034,0.04165244444622135
2008-12-31,6.439326950288921e-05,0.0006344042483571698,0.0014310787312441812,0.001666843458145178,0.0023300668983312835,0.0020791896791727805,0.003971254186370086,0.004128942270980736,0.003749925569553406,0.004952422156629765,0.004072056937777779,0.0030957816419897974,0.003934691948440314,0.004978224408676495,0.0007482572502208236,-2.6765474725084105e-05,0.0008603187161206242,0.0031721817096618072,-0.0026915839218270917,0.003996470281349803
2009-01-31,0.00020473028911712905,3.033336916029501e-05,-0.00029343650416253204,-0.0011036684490817298,-0.0015269806752472167,-0.0015657082725140585,-0.0029620380475092255,-0.0015889130368042404,-0.0006780279069129509,-0.002399010462429506,-0.0007922455172003485,-0.0016850094490117639,-0.002005207970074928,-0.003190930817423866,-0.0027167651923245563,-0.0014684989284461936,0.0007101670075620179,0.004705475965888357,0.004451357620551623,0.04985021700481828
2009-02-28,0.00015470571383116447,0.00018978376443675205,-0.00046596712321312245,-0.00010740850327954033,0.00021617515001067948,5.5849354867515615e-05,0.0007212636006704029,0.0010579451819421341,0.002249623711279605,0.0022674371079012194,0.0008482509561627586,0.0005421955842008616,-3.6226393472337843e-05,-0.00043509734250516514,0.00146318357592099,0.003052747059257315,0.004311892772816796,0.011983837489560995,0.021024141702226152,0.035475931481674744
2009-03-31,8.032533159535767e-05,0.0002464953868402497,0.0007119606187833935,-5.929407042119449e-06,-0.0006268290338573687,-6.735744700367863e-05,0.00028593428325428695,-0.0007839990477229395,-0.0006061044570456159,-0.00023797913954167865,0.00041189897489651557,0.0010926723465815953,0.0015833746657272967,0.0010245925032450736,0.000609330399069564,0.0005641546083218277,-0.0019689276516604093,-0.004396471092633543,0.009566386622394642,0.05800898469241383
2009-04-30,8.979949395756127e-06,-0.0004236474036323827,-0.001898620463299545,-0.003049009419843106,-0.004117845496557959,-0.004258333477822807,-0.005685852216074192,-0.006789954955123092,-0.008171710753032177,-0.00751048719544265,-0.010123635805085936,-0.011531068933016269,-0.010667498709455325,-0.008795214362141243,-0.01209766665336888,-0.014352003084944208,-0.01636915485407788,-0.01935099425102294,-0.022508394637651395,0.0008373375423662839
2009-05-31,-0.000180313393352469,-0.0005017384578939648,-0.0011943061479944607,-0.0019382291116211898,-0.0017141302418444398,-0.001787606719451561,-0.0026748508769452893,-0.004043261514716841,-0.004936258327669409,-0.0051012065898868066,-0.005443246854393204,-0.006878807599971518,-0.009804133269622102,-0.008544968039864015,-0.009877987051184887,-0.011972059067060371,-0.010287393622433003,-0.009571759085450781,-0.0182659973715879,-0.00028719132007025156
2009-06-30,0.00011690841878004486,-0.00016831175303991,-0.0005105369050529829,-0.0013401617541458724,-0.0014523591557587942,-0.0014858237596966472,-0.0010899100438529537,-0.0011171736086752473,-0.0008426135917974353,0.0003388249765380865,0.0013204299800942494,0.000454145691719603,-0.00029664126029443926,0.0005538181436653658,-0.000954201444639655,-0.0016469115988283277,-0.0029710434515822382,-0.003560460144433565,-0.01766437272783188,0.006732218658477276
2009-07-31,-0.0005541939618172637,-0.0026743504921152854,-0.003908975972479119,-0.004328918470797745,-0.004189229614303401,-0.004465159186055585,-0.003607755803592856,-0.0038523940573321957,-0.0055455343532635265,-0.00775598490317666,-0.008455175849154378,-0.008741784597808555,-0.005980516577275884,-0.008296312557440627,-0.006074444966982356,-0.006584498890478668,-0.011869274842700745,-0.012600272471952096,-0.01247135304155152,-0.0007808408424202625
2009-08-31,0.00016784332588569716,0.0007980492435361104,0.0009991804700043476,0.0006954395875982888,0.00027877779253185727,0.0002576900896375264,-3.737448074794898e-05,-8.383931019173124e-05,-0.0006503351790211298,0.00011848232711069329,-0.000109880637489423,8.855713119074278e-05,-0.00014386990970087046,-0.0001433815497416668,-0.0009873808884378597,-0.001658770475347609,0.0006721978922907784,8.332950411338506e-05,-0.004500419169004325,0.003598980876891371
2009-09-30,-4.562633577934926e-05,-0.0002106934324870692,-0.000425434973253199,-0.0006235384214022735,-0.0011510648354036304,-0.001800797592423773,-0.002240784884691126,-0.002248384578835112,-0.004255812879061549,-0.006976015853727154,-0.008315796159453005,-0.00762234810665151,-0.008204990061248576,-0.008642304191508354,-0.0074527245895595895,-0.008374189303963931,-0.008513215214708708,-0.013853909628757263,-0.021574794415996787,-1.3055208839645761e-05
2009-10-31,0.0003075342213779689,0.0010014627087210507,0.0009263406970935284,0.001060310229280954,0.0010998131784557047,0.0011830032366734772,0.0013563375609589464,0.00023070548180352724,0.0006068639363289586,0.0005005260137089236,0.0016716538859144182,0.00036693185629854013,-0.0007956151876585005,-0.0005854154734205472,-0.0006623211498262004,8.839611789201468e-05,0.0007756349587976569,-0.0018047173325439914,0.0019789581558801164,0.0072741161553778015
2009-11-30,-5.2516460507190307e-05,0.0005823867461480854,0.0012485797959521084,0.0013833621614441982,0.0016747129206990464,0.0015016305867808306,0.0012269483748984969,0.0011277973060036155,0.0015856865263585392,0.00134529104192873,0.0003709730860461427,0.00035180516799063346,0.0006408025524456072,-0.0002501125082138998,-5.444297237635408e-05,-0.0007154630496599007,0.00025681513617061436,-0.0002855040932357416,-0.0028484358348327015,0.002938506683317422
2009-12-31,-0.00018960856303537306,-0.0017052841075745435,-0.003008421495700062,-0.0032455207493502576,-0.003551061687105245,-0.0036635911173087147,-0.00359785411214504,-0.0027376473226132965,-0.0047311114929433325,-0.0056390942398090805,-0.006481155062108412,-0.005466400837288078,-0.004804791726251751,-0.004150826093184292,-0.00331558758163714,-0.005989544974954683,-0.008968152020783843,-0.012168173494617483,-0.008979379550987912,0.008854056104957125
2010-01-31,0.00019803836913845425,0.0012357578747696925,0.0017287488670049357,0.002063439729335762,0.0022269276322840316,0.0021006283851883138,0.0013386531259409063,0.0010956588172709582,0.001694737996008109,0.0021617254033903287,0.0010882001413863324,0.001950450001070408,4.675658834101581e-05,0.0003382795435077685,0.0009535433137660152,0.0022489394515510593,0.0004976786943613875,0.0015784504541721874,-0.001534672777824603,0.006163485012856438
2010-02-28,-8.242027212593043e-05,7.202234696466979e-05,0.0006524566194639277,0.0007497812767092726,0.00034005968041479377,0.0003585601383187186,0.0008783663509580823,0.0007041907427338906,0.0013043824932638967,0.0007854197274139982,0.001540464182487808,0.0007943128318257922,0.00036613203667975886,-0.00024582294429928864,-0.001444326153021121,-0.0009737686448577827,0.0027787252649837456,0.0021575353013867753,0.003025981145906994,0.006854849057700722
2010-03-31,9.975088389765875e-05,-2.65397155680171e-06,-0.00011223356084096026,0.00033096814817923283,0.00044210662791270463,0.00015828451075007777,0.00033651717124905236,-0.0003231174825480233,-0.0016795285679977834,-0.0017992308478834097,-0.002855635378516785,-0.004665574715689393,-0.0050216654385386505,-0.00268551789679827,-0.003422942658105421,-0.004787238502245794,-0.008234848424745485,-0.009778470172469468,-0.008980190299525695,0.03011885380471288
2010-04-30,0.0001684645064271493,1.8460134948130632e-05,-2.8141550902414745e-05,0.00031904906584263594,0.0006577875134319346,0.0009499884469438487,0.000855624982770525,0.0008022552311364858,0.0007720167793326101,-0.00040141473250260865,-0.0015681458928877528,-0.002194758944432552,-0.002295251728227013,-0.0016165911211830177,-0.0020439370829571446,-0.0028766591965420476,-0.005160164388886314,-0.0076910942617922475,-0.010301447353856944,0.003751736723250403
2010-05-31,0.0002855403685941524,0.001371137814345669,0.002218038959238857,0.002470739568358343,0.003135473523176502,0.0037341899840278815,0.003798176374692996,0.0034263375175916863,0.005132662566874066,0.007229800653567639,0.009344786498399954,0.009345904064433436,0.010383805773534082,0.006573155227611965,0.007698109026618401,0.009275309510784473,0.013514227974691845,0.019334874545030356,0.018424666248222997,0.005456034715443887
2010-06-30,7.408256759413096e-05,-3.075233967822071e-05,0.0001614762469391048,0.0007387454919269192,0.000561700272957164,0.0011330702236953495,0.0012483347034509382,0.0022970676659890437,0.003478730115169817,0.004467983986247935,0.004205452475829785,0.0053204960260700256,0.005483724758489992,0.004552278648617053,0.002382510653379898,0.0025753064746233674,0.0016818044792059228,0.002028672910120802,0.0011503762362013985,0.00848913020701604
2010-07-31,0.0001202182729338775,-0.00035141150742595817,-0.0009546442291857982,-0.0020098301782376644,-0.0020270167949023505,-0.0024824733438066713,-0.0019225047487022127,-0.002053422621550199,-0.0026425470679227545,-0.005301482273993497,-0.004777702450106794,-0.0033259983464298446,-0.0036459859630411933,-0.003571310385882494,-0.0036047316928265187,-0.004331961878464523,-0.004028475410136422,-0.005932317729857368,-0.004341728059405007,0.45308584771763766
2010-08-31,8.330369075007633e-05,0.0003878692838013752,0.0007792760347417446,0.0012217613018835852,0.0014954168897484328,0.001763419709033336,0.0011846671162126948,0.0017656874819147496,0.0020246741446453263,0.0026778407430118017,0.004066951347042516,0.0032474173778851458,0.002716227804298254,0.0023293221716530967,0.0037378510136237032,0.003256212200005447,0.002055697250219815,0.00370311353172847,0.004791846217650844,0.01866900668615749
2010-09-30,-1.113298831851962e-05,-0.00023859857186596948,-0.0010139535187358257,-0.0013659731904810035,-0.0013357444364774276,-0.0015445351702089237,-0.0015502962657098372,-0.0018150480695503293,-0.0019232076457627075,-0.0013785803544703746,-0.0025166650707390977,-0.0030650213983210825,-0.0031144881139255408,-0.003040504486102999,-0.00258507668349265,-0.003797095904365562,-0.003565740296178577,-0.005182832899143612,-0.004469609296665622,0.01963776292088681
2010-10-31,-5.5573434970502736e-05,-0.0008033900311399276,-0.0008628885860898852,-0.0010241831033855342,-0.0007234186823014592,-0.00044105229002414895,-0.0007139374220197417,-0.0008500498054362754,-0.0013059338048555904,-0.0025669732075658137,-0.0017251499889174124,-0.0017731962392511633,-0.002300118690697044,-0.0008436701619408352,-0.0029254225917096405,-0.002268925048612805,-0.002247121441577055,-0.006753723747717937,-0.0050046197039365975,0.01954737455741161
2010-11-30,-0.0001687942445994718,-0.00017761825992729634,3.567797731216662e-05,0.00010855459280192996,0.00029956775654806106,0.00019623127442422905,0.0005185671861035271,0.0006026578215115969,4.454937774790214e-05,0.000719712494104672,0.00013062442531658298,0.0004665818506923878,0.001686401803222548,-3.9568513794468395e-05,0.0013427253549646214,0.001896449527021933,-0.001091182181889667,0.0027551301800714115,0.003669968368089843,0.020375845661970343
2010-12-31,-8.001553708019535e-05,-0.000524976096247597,-0.0006900156376920296,-0.000880630881102317,-0.0008819596542060908,-0.0007869623863273844,-0.0010535290269364226,-0.0018183314840144733,-0.002130683639802981,-0.0024628879521548307,-0.0033869425406507763,-0.003543957810075245,-0.003965328272435208,-0.0024589449603677617,-0.004862969150405164,-0.005581944626302764,-0.005310347792036647,-0.005706813630992726,-0.006895497725140765,0.018267440239835894
2011-01-31,-0.00016043355022269225,-2.205279557655296e-06,-4.948387113859523e-06,0.0005573269453707069,0.000839414001890252,-1.913163070243607e-05,-0.0005879869412901576,-0.0008216397927011532,-0.0006425669590946013,-0.0011237891312600814,-0.0017366195631374661,-0.0027023306065999987,-0.002257077511503511,-0.0020332401725578235,-0.0019497451659111118,-0.0016959455690602975,-0.002344929314096946,-0.0015477956218124163,-0.0015754328424450064,0.019499726498292114
2011-02-28,-8.293923288848999e-05,7.651925134180329e-05,0.00014291524256442422,0.00012058326410508351,-0.00045902449535619496,-0.0007910691545815314,-0.0010014546924298152,-0.0008120103432311982,-0.001701233885897284,-0.0011155779037845266,-0.0019279600274509656,-0.0024304758568202745,-0.0018642475287091271,-0.0020689758286263705,-0.00069239875080036,-0.002145019564433122,-0.0022774042826165042,-0.0016040410269349825,-0.0017864003332254564,0.019607950784024924
2011-03-31,8.621269121051884e-05,0.00034637115280891303,0.0004139070509717367,0.0006528968035586819,0.0005389909617277267,0.0004797767141956299,0.0005029644063861918,0.0002564589622177609,0.00011878977571799958,-0.0005189989817156269,-0.00021206798978530935,-0.00020154460055866422,0.0005577189519085434,0.0009161799694314919,0.0013539302700419078,0.0024708290621197017,0.002655758421670891,0.002618482095703758,0.003992687536333385,0.019568087748944654
2011-04-30,6.037460557075974e-05,0.00022997670440660583,-4.0327037378354476e-05,-0.0005187580335771875,-0.0007671652740272785,-0.0004248115606456344,-0.0005376399895240345,-0.0006193774851127471,-0.0008575071441488151,-0.0005332247765609312,-0.0012585099841891597,-0.0013306107790607,-0.0017734072069815307,-0.0005665365000240523,-0.0007917261566957715,-0.000572431399704857,-0.00039573210670795723,-0.00467069151515587,-0.004517760857583297,0.017580502147244104
2011-05-31,5.279021016072139e-05,-4.818897749000008e-05,-0.00021704845674536122,-0.00025327074426542045,-0.00038303860229911476,-0.0003898385720293785,-3.1068182816757814e-05,0.00013050244684546328,-3.254761552255915e-05,-0.00017153330984112192,0.0005391233965232307,-0.0006804073726393913,-0.0005731165894654041,0.0016571714078296254,0.001858022380086681,0.0020921146979382805,0.0019668171976539267,0.0015183465131115748,0.0015428453515996016,0.019357745240256904
2011-06-30,6.472057549118643e-05,0.00013329245808710622,0.0005395461636286973,0.0006293100271536258,0.0010521028625824467,0.0013168521510393354,0.0019005451626136277,0.0019192962739398188,0.002237304238951292,0.0024909756101337177,0.0021763631997007596,0.0033872846068844775,0.002320830439164303,0.0017254172264614042,0.002474405286259347,0.0023203928306945007,0.0022560303054298438,0.002520638427475374,0.00346790764211481,0.01949604042461792
2011-07-31,3.719994318048815e-05,6.695023460685733e-05,0.0002745197256138248,0.0005159284771402063,0.00027114329133555735,0.00023603808681836464,-2.533752535956724e-07,0.00021956298352213805,0.0006447657318590644,0.00040927243251436164,0.0004627473837039846,0.0010736079524753094,0.00029435604369521234,-8.985637422915273e-05,0.0005075729407593377,0.0007899326757797457,0.001174093138513832,0.0019881924437132716,0.002563297380172512,0.01898822815709538
2011-08-31,0.00017581974144945895,0.0009581788320990271,0.001826389912514257,0.0022912845919672927,0.002591777678028122,0.002946589723064871,0.003686161755024755,0.0046131646131761335,0.006300536809637992,0.007357701742570022,0.00963123807676871,0.01045743157944311,0.011038329029457186,0.008277292742482418,0.008360864632649427,0.010397398186416985,0.011468450947084092,0.01743624405005327,0.012733628169374069,0.018149301163740254
2011-09-30,-8.789531048428638e-05,0.00011465514388096715,0.0008770092378773617,0.0015766005077008994,0.002073494005291792,0.002446173892275182,0.0022387636454184387,0.003583721666145458,0.005010332344471574,0.007107653407894713,0.007338109212364266,0.00784479819171288,0.009725155612167408,0.00941319293128936,0.008081289804465482,0.008522380823721101,0.009667413425220843,0.01386077961907339,0.01457818746401766,0.019587159176326138
2011-10-31,0.00010275625502343205,-0.0001554675151731079,-0.0007094017293505098,-0.0010174013823014071,-0.0010938426363080547,-0.0016543459973226698,-0.0016020869721462133,-0.0020809579585241295,-0.00316192826670659,-0.0044488926046309255,-0.00484382746829439,-0.005460522307999988,-0.007818828840514271,-0.007436973029845489,-0.005266522082469225,-0.006504457165050625,-0.006279406944175127,-0.012873657120725756,-0.010801135107162874,0.019338190364997253
2011-11-30,-2.959041461276868e-05,0.00022587730133576058,0.00031639382459264573,0.0009450843181292756,0.0014818080786905684,0.0017012580861491032,0.0013582913836068151,0.0019480875831676251,0.0024929817770798857,0.0031166486665728534,0.003477629528482215,0.0034794052983168626,0.005259372707317273,0.0037811954325430784,0.004068633283256837,0.005211898286444797,0.004572570887286295,0.007887645071768274,0.014545133292760868,0.019791130758064806
2011-12-31,-0.00021598167545967427,-0.00032390556368170546,-0.00030856550690799004,-0.0005575665910766724,-0.0009391494743827517,-0.0004936807964066733,-0.00041517483996850684,-0.0006145947303777283,-0.0008894250636215137,-0.001478593122550178,-0.0015622073178773112,-0.0016464508016565444,-0.0015694261829227467,-0.0013138569774308498,-0.002135564050368906,-0.0024131317689132753,-0.0017340763477480298,-0.001159992243320191,-0.0012612022799108093,0.01938620374816081
2012-01-31,-0.00033286498414751076,-0.0006233749479810873,-0.000649910142689466,-0.0012651737641544431,-0.0016299770597910364,-0.00196073204982811,-0.002487857122443719,-0.003732814788999501,-0.0036088608444628857,-0.004567193107451406,-0.004287863650777457,-0.003383045360952316,-0.004093816344019242,-0.0035768429552723857,-0.005857264162202514,-0.003941173339664117,-0.004007308392762951,-0.008354076062441616,-0.007903021518632045,0.017111618858311882
2012-02-29,5.750823155352547e-06,-0.00035122370388238777,-0.0005347917760889139,-0.0006372644302634254,-0.000580613739721415,-0.000630217973769116,-0.0004245425499050932,-0.0003746044710866666,-0.0009266525506842215,-0.001616042170602028,-0.0021091771318860948,-0.0016906647124213493,-0.0023085789876660704,-0.0023398151409882487,-0.001311505217913699,-0.002035506201954234,-0.0026687800592330568,-0.002799195416088472,-0.004405631140239174,0.019197567759920285
2012-03-31,-0.0001270691848610071,-0.00032491863013174593,-0.0004241573206422447,-0.0009117308608592636,-0.0010528952988548767,-0.0008517036993665547,-0.0006227852418478558,-0.0007729470101248975,-0.0015582214076448812,-0.001246583108352821,-0.0008085285030550312,-0.0015691442860152908,-0.0011392398924305338,-0.0005127522084073016,0.0008351601768318555,0.000745894202691099,-0.00014070718111857644,0.0016819781734886852,0.0021143098563851373,0.01948862894991679
2012-04-30,3.6700342480365544e-05,0.0002683448845746928,0.00033877226630899736,0.0005329083531075128,0.0006005757532679073,0.0007539026082538698,0.0006177671437784361,0.000751905585668063,0.0013006054747543502,0.0013572235587259905,0.00019737906770388855,0.0018462539261500442,0.0018059502674033362,0.001581447687585958,2.4276462278547713e-05,1.711832518111841e-05,0.0013344253626205117,0.002104640619833874,0.004464228993500865,0.01945403591777073
2012-05-31,0.000673435739430271,0.00097552872081017,0.001333027958782594,0.0018612039868157152,0.001743133381692793,0.002212709982093891,0.0024249315577915672,0.003111867371846236,0.0032067945313058563,0.004203624506618482,0.0046106994643152766,0.0037072884639434544,0.0035660761025201253,0.0032000129243685673,0.004835724951187476,0.003586679073701014,0.0030670279858576884,0.00389626198853544,0.001054051359627557,0.017279505983626754
2012-06-30,-0.00010032339751536718,-0.00020934745145231656,-8.808893570615163e-05,-8.996523277480053e-05,-6.827034006450764e-05,7.759630315185626e-05,-9.616639162186604e-05,-0.000887558943738055,-0.0010019129048618575,-0.0013096637104495364,-0.0008985339684733193,-0.0007707756238106867,0.0003600600627486095,-0.00013760959803068022,-0.0013206864954581072,-0.0012531549524810372,-0.0015155014643437681,-0.0022663545391083725,-0.0023792857695720195,0.01854312149902394
2012-07-31,-0.00030391146592859494,-0.0002376269577572385,-0.0004783194828614055,-0.0009337455832894747,-0.0009126274578928659,-0.0008218653390495318,-0.000996700886031555,-0.0010290268447428342,-0.001283500605690719,-0.0013474116129586352,-0.0009661833959670584,-0.0003506018399532098,-0.001180353217769491,-0.0008900055843604248,-0.0008082852506318764,0.00018452634392140743,0.0009800747138060909,-0.0004322167815492881,0.0027873104495302428,0.019011616957227546
2012-08-31,-1.572375423401953e-05,-0.00013061938281394464,-0.00027088246064810176,-0.0004295017039869359,-0.0004088011936830855,-0.0007200605149833629,-0.0004016052912368564,-0.0008142786470673239,-0.0006916662822770234,-0.0014623736549566736,-0.0013010301639762925,-0.002104968356653085,-0.0015081226881262363,-0.0019954942115770575,-0.00147834560526799,-0.001943941948272373,-0.0018677817533727533,-0.0023101824988139077,-0.0021032505228778483,0.01885297352871587
2012-09-30,-8.618633007942444e-05,-0.0002714266256900563,-0.0006145154669630234,-0.0011455081927040326,-0.0011036169415015841,-0.0012275793263165154,-0.0013945108225322138,-0.0017617756802196895,-0.0024073982282628503,-0.0029569407504536622,-0.003225099300767785,-0.003151462097027859,-0.004311968753364422,-0.002883651487670586,-0.00248579294742296,-0.002255572646662492,-0.003701649540961595,-0.0033862779246188177,-0.004275963204709587,0.019036853907400095
2012-10-31,-0.0001383527680482164,-0.0002450960315592492,-0.00038120266547068455,-0.00046700943360982133,-0.0006155950973637304,-0.0008587831506329874,-0.0008571517289928369,-0.0003645837829867539,-0.0008157663725407384,-0.0013130794811712825,-0.0012315179366729355,-0.0021010674969339565,-0.0008745086624780959,0.00011076949991374573,-0.00044676109714954763,-0.0006036234965824537,0.00012877295936328907,0.000562050632159492,-0.00036813927905769684,0.01873724574847185
2012-11-30,0.0001337036948084397,0.0003580381351598692,0.0002622041785682418,0.0007508828690893037,0.00045387597238062715,0.000796688901129393,0.0006320668101747965,0.0003226608388608258,6.591289606601772e-05,0.0007876648535886409,0.00015953364037921296,0.00023813131984675936,-0.0006753053972725553,-0.0010823658473486123,-0.0014141078450483923,-0.0012334469507000222,-0.0009292905013828916,-0.0013043316930354512,-0.0011751761130788622,0.01760117670599382
2012-12-31,4.858687350570182e-06,-0.00037019715478133614,-0.0003650212806918958,-0.000824142211125293,-0.0003279660343483465,-0.00041909115733369,-0.0004605680835065256,-0.0008773432441373697,-0.0009735870698514855,-0.0011194754781253132,-0.0013813662004204432,-0.001929471174976796,-0.0016267093654675714,-0.0013920007446075145,-0.0016406349473698815,-0.003001930539260777,-0.002188747734882716,-0.002517783526091596,-0.0014917279818923552,0.01857122892142635
